{
  "products": [
    {
      "id": 1,
      "name": "Latte",
      "price": 4.99,
      "description": "Espresso with steamed milk and a thin layer of foam.",
      "image": "https://api.lorem.space/image/drink?w=400&h=400"
    },
    {
      "id": 2,
      "name": "Mocha",
      "price": 5.99,
      "description": "Espresso with steamed milk, chocolate syrup, and whipped cream.",
      "image": "https://api.lorem.space/image/drink?w=400&h=400"
    },
    {
      "id": 3,
      "name": "Iced Tea",
      "price": 2.99,
      "description": "Refreshing tea served over ice with a choice of flavors.",
      "image": "https://api.lorem.space/image/drink?w=400&h=400"
    },
    {
      "id": 4,
      "name": "Smoothie",
      "price": 6.99,
      "description": "Blend of fresh fruits and juices with yogurt or ice cream.",
      "image": "https://api.lorem.space/image/drink?w=400&h=400"
    },
    {
      "id": 5,
      "name": "Hot Chocolate",
      "price": 3.99,
      "description": "Rich and creamy chocolate drink topped with whipped cream.",
      "image": "https://api.lorem.space/image/drink?w=400&h=400"
    },
    {
      "id": 6,
      "name": "Cappuccino",
      "price": 4.99,
      "description": "Espresso with steamed milk and a thick layer of foam.",
      "image": "https://api.lorem.space/image/drink?w=150&h=150"
    },
    {
      "id": 7,
      "name": "Green Tea Latte",
      "price": 5.99,
      "description": "Matcha green tea with steamed milk and a touch of sweetness.",
      "image": "https://api.lorem.space/image/drink?w=150&h=150"
    },
    {
      "id": 8,
      "name": "Cold Brew",
      "price": 3.99,
      "description": "Smooth and bold coffee brewed with cold water for a refreshing taste.",
      "image": "https://api.lorem.space/image/drink?w=150&h=150"
    },
    {
      "id": 9,
      "name": "Fruit Infused Water",
      "price": 2.99,
      "description": "Water infused with fresh fruits and herbs for a flavorful and hydrating drink.",
      "image": "https://api.lorem.space/image/drink?w=150&h=150"
    },
    {
      "id": 10,
      "name": "Chai Latte",
      "price": 4.99,
      "description": "Spiced tea with steamed milk and a touch of sweetness.",
      "image": "https://api.lorem.space/image/drink?w=150&h=150"
    },
    {
      "id": 11,
      "name": "Iced Coffee",
      "price": 3.99,
      "description": "Freshly brewed coffee served over ice, perfect for a hot day.",
      "image": "https://api.lorem.space/image/drink?w=150&h=150"
    },
    {
      "id": 12,
      "name": "Matcha Latte",
      "price": 5.99,
      "description": "Green tea powder mixed with steamed milk and a touch of sweetness.",
      "image": "https://api.lorem.space/image/drink?w=150&h=150"
    },
    {
      "id": 13,
      "name": "Hot Chocolate",
      "price": 4.49,
      "description": "Rich and creamy hot chocolate made with premium chocolate.",
      "image": "https://api.lorem.space/image/drink?w=150&h=150"
    },
    {
      "id": 14,
      "name": "Fruit Smoothie",
      "price": 5.99,
      "description": "A refreshing blend of fresh fruits and yogurt.",
      "image": "https://api.lorem.space/image/drink?w=150&h=150"
    },
    {
      "id": 15,
      "name": "Iced Tea",
      "price": 2.99,
      "description": "Refreshing iced tea made with freshly brewed tea and a hint of lemon.",
      "image": "https://api.lorem.space/image/drink?w=150&h=150"
    }
  ]
}
